{
    "std": [
        "std",
        "reYIK",
        "module",
        1
    ],
    "PID": [
        "PID",
        "KnCbV",
        "module",
        2
    ],
    "partial_product_gen": [
        "partial_product_gen",
        "D5djR",
        "module",
        3
    ],
    "half_adder": [
        "half_adder",
        "ArxBC",
        "module",
        4
    ],
    "full_adder": [
        "full_adder",
        "BEdzp",
        "module",
        5
    ],
    "compressor42": [
        "compressor42",
        "d5WV4",
        "module",
        6
    ],
    "booth_radix4": [
        "booth_radix4",
        "aBCyn",
        "module",
        7
    ],
    "operator_A": [
        "operator_A",
        "tmBUH",
        "module",
        8
    ],
    "operator_B": [
        "operator_B",
        "yd7zq",
        "module",
        9
    ],
    "adder_32bit": [
        "adder_32bit",
        "qmF7s",
        "module",
        10
    ],
    "wb_master": [
        "wb_master",
        "BPTA3",
        "module",
        11
    ],
    "intf_PID": [
        "intf_PID",
        "bE28A",
        "module",
        12
    ],
    "intf_wb": [
        "intf_wb",
        "YYZKg",
        "module",
        13
    ],
    "PID_tb": [
        "PID_tb",
        "zNyyp",
        "module",
        14
    ],
    "...MASTER...": [
        "SIM",
        "amcQw",
        "module",
        15
    ]
}